{
  "mode": "full",
  "version": 2,
  "rows_train": 990,
  "rows_valid": 248,
  "auc": 0.7268284106891703,
  "ks": 0.389732770745429,
  "f1": 0.8069164265129684,
  "precision": 0.7407407407407407,
  "recall": 0.8860759493670886,
  "decision_threshold": 0.5,
  "base_rate": 0.6389337641357028,
  "created_at": "2025-10-16T22:43:49.349311"
}