{
  "mode": "full",
  "version": 3,
  "rows_train": 990,
  "rows_valid": 248,
  "auc": 0.7259493670886076,
  "ks": 0.39127988748241915,
  "f1": 0.8022922636103151,
  "precision": 0.7329842931937173,
  "recall": 0.8860759493670886,
  "decision_threshold": 0.5,
  "base_rate": 0.6389337641357028,
  "created_at": "2025-10-16T22:45:18.546787"
}