{
  "mode": "full",
  "version": 4,
  "rows_train": 1054,
  "rows_valid": 264,
  "auc": 0.7315848214285714,
  "ks": 0.37648809523809523,
  "f1": 0.7924528301886793,
  "precision": 0.7241379310344828,
  "recall": 0.875,
  "decision_threshold": 0.5,
  "base_rate": 0.6358118361153262,
  "created_at": "2025-11-13T20:19:35.716996"
}